id1,2020-12-01 00:00:00.001
id2,2020-12-01 00:00:00.002
id3,2020-12-01 00:00:00.003
id4,2020-12-01 00:00:00.004
id5,2020-12-01 00:00:00.005
id6,2020-12-01 00:00:00.006
id7,2020-12-01 00:00:00.007
id8,2020-12-01 00:00:00.008
id9,2020-12-01 00:00:00.009
id10,2020-12-01 00:00:00.010
id11,2020-12-01 00:00:00.011
id12,2020-12-01 00:00:00.012
id13,2020-12-01 00:00:00.013
id14,2020-12-01 00:00:00.014
id15,2020-12-01 00:00:00.015
id16,2020-12-01 00:00:00.016
id17,2020-12-01 00:00:00.017
id18,2020-12-01 00:00:00.018
id19,2020-12-01 00:00:00.019
id20,2020-12-01 00:00:00.020
id21,2020-12-01 00:00:00.021
id22,2020-12-01 00:00:00.022
id23,2020-12-01 00:00:00.023
id24,2020-12-01 00:00:00.024
id25,2020-12-01 00:00:00.025
id26,2020-12-01 00:00:00.026
id27,2020-12-01 00:00:00.027
id28,2020-12-01 00:00:00.028
id29,2020-12-01 00:00:00.029
id30,2020-12-01 00:00:00.030
id31,2020-12-01 00:00:00.031
id32,2020-12-01 00:00:00.032
id33,2020-12-01 00:00:00.033
id34,2020-12-01 00:00:00.034
id35,2020-12-01 00:00:00.035
id36,2020-12-01 00:00:00.036
id37,2020-12-01 00:00:00.037
id38,2020-12-01 00:00:00.038
id39,2020-12-01 00:00:00.039
id40,2020-12-01 00:00:00.040
id41,2020-12-01 00:00:00.041
id42,2020-12-01 00:00:00.042
id43,2020-12-01 00:00:00.043
id44,2020-12-01 00:00:00.044
id45,2020-12-01 00:00:00.045
id46,2020-12-01 00:00:00.046
id47,2020-12-01 00:00:00.047
id48,2020-12-01 00:00:00.048
id49,2020-12-01 00:00:00.049
id50,2020-12-01 00:00:00.050
id51,2020-12-01 00:00:00.051
id52,2020-12-01 00:00:00.052
id53,2020-12-01 00:00:00.053
id54,2020-12-01 00:00:00.054
id55,2020-12-01 00:00:00.055
id56,2020-12-01 00:00:00.056
id57,2020-12-01 00:00:00.057
id58,2020-12-01 00:00:00.058
id59,2020-12-01 00:00:00.059
id60,2020-12-01 00:00:00.060
id61,2020-12-01 00:00:00.061
id62,2020-12-01 00:00:00.062
id63,2020-12-01 00:00:00.063
id64,2020-12-01 00:00:00.064
id65,2020-12-01 00:00:00.065
id66,2020-12-01 00:00:00.066
id67,2020-12-01 00:00:00.067
id68,2020-12-01 00:00:00.068
id69,2020-12-01 00:00:00.069
id70,2020-12-01 00:00:00.070
id71,2020-12-01 00:00:00.071
id72,2020-12-01 00:00:00.072
id73,2020-12-01 00:00:00.073
id74,2020-12-01 00:00:00.074
id75,2020-12-01 00:00:00.075
id76,2020-12-01 00:00:00.076
id77,2020-12-01 00:00:00.077
id78,2020-12-01 00:00:00.078
id79,2020-12-01 00:00:00.079
id80,2020-12-01 00:00:00.080
id81,2020-12-01 00:00:00.081
id82,2020-12-01 00:00:00.082
id83,2020-12-01 00:00:00.083
id84,2020-12-01 00:00:00.084
id85,2020-12-01 00:00:00.085
id86,2020-12-01 00:00:00.086
id87,2020-12-01 00:00:00.087
id88,2020-12-01 00:00:00.088
id89,2020-12-01 00:00:00.089
id90,2020-12-01 00:00:00.090
id91,2020-12-01 00:00:00.091
id92,2020-12-01 00:00:00.092
id93,2020-12-01 00:00:00.093
id94,2020-12-01 00:00:00.094
id95,2020-12-01 00:00:00.095
id96,2020-12-01 00:00:00.096
id97,2020-12-01 00:00:00.097
id98,2020-12-01 00:00:00.098
id99,2020-12-01 00:00:00.099
id100,2020-12-01 00:00:00.100
id101,2020-12-01 00:00:00.101
id102,2020-12-01 00:00:00.102
id103,2020-12-01 00:00:00.103
id104,2020-12-01 00:00:00.104
id105,2020-12-01 00:00:00.105
id106,2020-12-01 00:00:00.106
id107,2020-12-01 00:00:00.107
id108,2020-12-01 00:00:00.108
id109,2020-12-01 00:00:00.109
id110,2020-12-01 00:00:00.110
id111,2020-12-01 00:00:00.111
id112,2020-12-01 00:00:00.112
id113,2020-12-01 00:00:00.113
id114,2020-12-01 00:00:00.114
id115,2020-12-01 00:00:00.115
id116,2020-12-01 00:00:00.116
id117,2020-12-01 00:00:00.117
id118,2020-12-01 00:00:00.118
id119,2020-12-01 00:00:00.119
id120,2020-12-01 00:00:00.120
id121,2020-12-01 00:00:00.121
id122,2020-12-01 00:00:00.122
id123,2020-12-01 00:00:00.123
id124,2020-12-01 00:00:00.124
id125,2020-12-01 00:00:00.125
id126,2020-12-01 00:00:00.126
id127,2020-12-01 00:00:00.127
id128,2020-12-01 00:00:00.128
id129,2020-12-01 00:00:00.129
id130,2020-12-01 00:00:00.130
id131,2020-12-01 00:00:00.131
id132,2020-12-01 00:00:00.132
id133,2020-12-01 00:00:00.133
id134,2020-12-01 00:00:00.134
id135,2020-12-01 00:00:00.135
id136,2020-12-01 00:00:00.136
id137,2020-12-01 00:00:00.137
id138,2020-12-01 00:00:00.138
id139,2020-12-01 00:00:00.139
id140,2020-12-01 00:00:00.140
id141,2020-12-01 00:00:00.141
id142,2020-12-01 00:00:00.142
id143,2020-12-01 00:00:00.143
id144,2020-12-01 00:00:00.144
id145,2020-12-01 00:00:00.145
id146,2020-12-01 00:00:00.146
id147,2020-12-01 00:00:00.147
id148,2020-12-01 00:00:00.148
id149,2020-12-01 00:00:00.149
id150,2020-12-01 00:00:00.150
id151,2020-12-01 00:00:00.151
id152,2020-12-01 00:00:00.152
id153,2020-12-01 00:00:00.153
id154,2020-12-01 00:00:00.154
id155,2020-12-01 00:00:00.155
id156,2020-12-01 00:00:00.156
id157,2020-12-01 00:00:00.157
id158,2020-12-01 00:00:00.158
id159,2020-12-01 00:00:00.159
id160,2020-12-01 00:00:00.160
id161,2020-12-01 00:00:00.161
id162,2020-12-01 00:00:00.162
id163,2020-12-01 00:00:00.163
id164,2020-12-01 00:00:00.164
id165,2020-12-01 00:00:00.165
id166,2020-12-01 00:00:00.166
id167,2020-12-01 00:00:00.167
id168,2020-12-01 00:00:00.168
id169,2020-12-01 00:00:00.169
id170,2020-12-01 00:00:00.170
id171,2020-12-01 00:00:00.171
id172,2020-12-01 00:00:00.172
id173,2020-12-01 00:00:00.173
id174,2020-12-01 00:00:00.174
id175,2020-12-01 00:00:00.175
id176,2020-12-01 00:00:00.176
id177,2020-12-01 00:00:00.177
id178,2020-12-01 00:00:00.178
id179,2020-12-01 00:00:00.179
id180,2020-12-01 00:00:00.180
id181,2020-12-01 00:00:00.181
id182,2020-12-01 00:00:00.182
id183,2020-12-01 00:00:00.183
id184,2020-12-01 00:00:00.184
id185,2020-12-01 00:00:00.185
id186,2020-12-01 00:00:00.186
id187,2020-12-01 00:00:00.187
id188,2020-12-01 00:00:00.188
id189,2020-12-01 00:00:00.189
id190,2020-12-01 00:00:00.190
id191,2020-12-01 00:00:00.191
id192,2020-12-01 00:00:00.192
id193,2020-12-01 00:00:00.193
id194,2020-12-01 00:00:00.194
id195,2020-12-01 00:00:00.195
id196,2020-12-01 00:00:00.196
id197,2020-12-01 00:00:00.197
id198,2020-12-01 00:00:00.198
id199,2020-12-01 00:00:00.199
id200,2020-12-01 00:00:00.200
id201,2020-12-01 00:00:00.201
id202,2020-12-01 00:00:00.202
id203,2020-12-01 00:00:00.203
id204,2020-12-01 00:00:00.204
id205,2020-12-01 00:00:00.205
id206,2020-12-01 00:00:00.206
id207,2020-12-01 00:00:00.207
id208,2020-12-01 00:00:00.208
id209,2020-12-01 00:00:00.209
id210,2020-12-01 00:00:00.210
id211,2020-12-01 00:00:00.211
id212,2020-12-01 00:00:00.212
id213,2020-12-01 00:00:00.213
id214,2020-12-01 00:00:00.214
id215,2020-12-01 00:00:00.215
id216,2020-12-01 00:00:00.216
id217,2020-12-01 00:00:00.217
id218,2020-12-01 00:00:00.218
id219,2020-12-01 00:00:00.219
id220,2020-12-01 00:00:00.220
id221,2020-12-01 00:00:00.221
id222,2020-12-01 00:00:00.222
id223,2020-12-01 00:00:00.223
id224,2020-12-01 00:00:00.224
id225,2020-12-01 00:00:00.225
id226,2020-12-01 00:00:00.226
id227,2020-12-01 00:00:00.227
id228,2020-12-01 00:00:00.228
id229,2020-12-01 00:00:00.229
id230,2020-12-01 00:00:00.230
id231,2020-12-01 00:00:00.231
id232,2020-12-01 00:00:00.232
id233,2020-12-01 00:00:00.233
id234,2020-12-01 00:00:00.234
id235,2020-12-01 00:00:00.235
id236,2020-12-01 00:00:00.236
id237,2020-12-01 00:00:00.237
id238,2020-12-01 00:00:00.238
id239,2020-12-01 00:00:00.239
id240,2020-12-01 00:00:00.240
id241,2020-12-01 00:00:00.241
id242,2020-12-01 00:00:00.242
id243,2020-12-01 00:00:00.243
id244,2020-12-01 00:00:00.244
id245,2020-12-01 00:00:00.245
id246,2020-12-01 00:00:00.246
id247,2020-12-01 00:00:00.247
id248,2020-12-01 00:00:00.248
id249,2020-12-01 00:00:00.249
id250,2020-12-01 00:00:00.250
id251,2020-12-01 00:00:00.251
id252,2020-12-01 00:00:00.252
id253,2020-12-01 00:00:00.253
id254,2020-12-01 00:00:00.254
id255,2020-12-01 00:00:00.255
id256,2020-12-01 00:00:00.256
id257,2020-12-01 00:00:00.257
id258,2020-12-01 00:00:00.258
id259,2020-12-01 00:00:00.259
id260,2020-12-01 00:00:00.260
id261,2020-12-01 00:00:00.261
id262,2020-12-01 00:00:00.262
id263,2020-12-01 00:00:00.263
id264,2020-12-01 00:00:00.264
id265,2020-12-01 00:00:00.265
id266,2020-12-01 00:00:00.266
id267,2020-12-01 00:00:00.267
id268,2020-12-01 00:00:00.268
id269,2020-12-01 00:00:00.269
id270,2020-12-01 00:00:00.270
id271,2020-12-01 00:00:00.271
id272,2020-12-01 00:00:00.272
id273,2020-12-01 00:00:00.273
id274,2020-12-01 00:00:00.274
id275,2020-12-01 00:00:00.275
id276,2020-12-01 00:00:00.276
id277,2020-12-01 00:00:00.277
id278,2020-12-01 00:00:00.278
id279,2020-12-01 00:00:00.279
id280,2020-12-01 00:00:00.280
id281,2020-12-01 00:00:00.281
id282,2020-12-01 00:00:00.282
id283,2020-12-01 00:00:00.283
id284,2020-12-01 00:00:00.284
id285,2020-12-01 00:00:00.285
id286,2020-12-01 00:00:00.286
id287,2020-12-01 00:00:00.287
id288,2020-12-01 00:00:00.288
id289,2020-12-01 00:00:00.289
id290,2020-12-01 00:00:00.290
id291,2020-12-01 00:00:00.291
id292,2020-12-01 00:00:00.292
id293,2020-12-01 00:00:00.293
id294,2020-12-01 00:00:00.294
id295,2020-12-01 00:00:00.295
id296,2020-12-01 00:00:00.296
id297,2020-12-01 00:00:00.297
id298,2020-12-01 00:00:00.298
id299,2020-12-01 00:00:00.299
id300,2020-12-01 00:00:00.300
id301,2020-12-01 00:00:00.301
id302,2020-12-01 00:00:00.302
id303,2020-12-01 00:00:00.303
id304,2020-12-01 00:00:00.304
id305,2020-12-01 00:00:00.305
id306,2020-12-01 00:00:00.306
id307,2020-12-01 00:00:00.307
id308,2020-12-01 00:00:00.308
id309,2020-12-01 00:00:00.309
id310,2020-12-01 00:00:00.310
id311,2020-12-01 00:00:00.311
id312,2020-12-01 00:00:00.312
id313,2020-12-01 00:00:00.313
id314,2020-12-01 00:00:00.314
id315,2020-12-01 00:00:00.315
id316,2020-12-01 00:00:00.316
id317,2020-12-01 00:00:00.317
id318,2020-12-01 00:00:00.318
id319,2020-12-01 00:00:00.319
id320,2020-12-01 00:00:00.320
id321,2020-12-01 00:00:00.321
id322,2020-12-01 00:00:00.322
id323,2020-12-01 00:00:00.323
id324,2020-12-01 00:00:00.324
id325,2020-12-01 00:00:00.325
id326,2020-12-01 00:00:00.326
id327,2020-12-01 00:00:00.327
id328,2020-12-01 00:00:00.328
id329,2020-12-01 00:00:00.329
id330,2020-12-01 00:00:00.330
id331,2020-12-01 00:00:00.331
id332,2020-12-01 00:00:00.332
id333,2020-12-01 00:00:00.333
id334,2020-12-01 00:00:00.334
id335,2020-12-01 00:00:00.335
id336,2020-12-01 00:00:00.336
id337,2020-12-01 00:00:00.337
id338,2020-12-01 00:00:00.338
id339,2020-12-01 00:00:00.339
id340,2020-12-01 00:00:00.340
id341,2020-12-01 00:00:00.341
id342,2020-12-01 00:00:00.342
id343,2020-12-01 00:00:00.343
id344,2020-12-01 00:00:00.344
id345,2020-12-01 00:00:00.345
id346,2020-12-01 00:00:00.346
id347,2020-12-01 00:00:00.347
id348,2020-12-01 00:00:00.348
id349,2020-12-01 00:00:00.349
id350,2020-12-01 00:00:00.350
id351,2020-12-01 00:00:00.351
id352,2020-12-01 00:00:00.352
id353,2020-12-01 00:00:00.353
id354,2020-12-01 00:00:00.354
id355,2020-12-01 00:00:00.355
id356,2020-12-01 00:00:00.356
id357,2020-12-01 00:00:00.357
id358,2020-12-01 00:00:00.358
id359,2020-12-01 00:00:00.359
id360,2020-12-01 00:00:00.360
id361,2020-12-01 00:00:00.361
id362,2020-12-01 00:00:00.362
id363,2020-12-01 00:00:00.363
id364,2020-12-01 00:00:00.364
id365,2020-12-01 00:00:00.365
id366,2020-12-01 00:00:00.366
id367,2020-12-01 00:00:00.367
id368,2020-12-01 00:00:00.368
id369,2020-12-01 00:00:00.369
id370,2020-12-01 00:00:00.370
id371,2020-12-01 00:00:00.371
id372,2020-12-01 00:00:00.372
id373,2020-12-01 00:00:00.373
id374,2020-12-01 00:00:00.374
id375,2020-12-01 00:00:00.375
id376,2020-12-01 00:00:00.376
id377,2020-12-01 00:00:00.377
id378,2020-12-01 00:00:00.378
id379,2020-12-01 00:00:00.379
id380,2020-12-01 00:00:00.380
id381,2020-12-01 00:00:00.381
id382,2020-12-01 00:00:00.382
id383,2020-12-01 00:00:00.383
id384,2020-12-01 00:00:00.384
id385,2020-12-01 00:00:00.385
id386,2020-12-01 00:00:00.386
id387,2020-12-01 00:00:00.387
id388,2020-12-01 00:00:00.388
id389,2020-12-01 00:00:00.389
id390,2020-12-01 00:00:00.390
id391,2020-12-01 00:00:00.391
id392,2020-12-01 00:00:00.392
id393,2020-12-01 00:00:00.393
id394,2020-12-01 00:00:00.394
id395,2020-12-01 00:00:00.395
id396,2020-12-01 00:00:00.396
id397,2020-12-01 00:00:00.397
id398,2020-12-01 00:00:00.398
id399,2020-12-01 00:00:00.399
id400,2020-12-01 00:00:00.400
id401,2020-12-01 00:00:00.401
id402,2020-12-01 00:00:00.402
id403,2020-12-01 00:00:00.403
id404,2020-12-01 00:00:00.404
id405,2020-12-01 00:00:00.405
id406,2020-12-01 00:00:00.406
id407,2020-12-01 00:00:00.407
id408,2020-12-01 00:00:00.408
id409,2020-12-01 00:00:00.409
id410,2020-12-01 00:00:00.410
id411,2020-12-01 00:00:00.411
id412,2020-12-01 00:00:00.412
id413,2020-12-01 00:00:00.413
id414,2020-12-01 00:00:00.414
id415,2020-12-01 00:00:00.415
id416,2020-12-01 00:00:00.416
id417,2020-12-01 00:00:00.417
id418,2020-12-01 00:00:00.418
id419,2020-12-01 00:00:00.419
id420,2020-12-01 00:00:00.420
id421,2020-12-01 00:00:00.421
id422,2020-12-01 00:00:00.422
id423,2020-12-01 00:00:00.423
id424,2020-12-01 00:00:00.424
id425,2020-12-01 00:00:00.425
id426,2020-12-01 00:00:00.426
id427,2020-12-01 00:00:00.427
id428,2020-12-01 00:00:00.428
id429,2020-12-01 00:00:00.429
id430,2020-12-01 00:00:00.430
id431,2020-12-01 00:00:00.431
id432,2020-12-01 00:00:00.432
id433,2020-12-01 00:00:00.433
id434,2020-12-01 00:00:00.434
id435,2020-12-01 00:00:00.435
id436,2020-12-01 00:00:00.436
id437,2020-12-01 00:00:00.437
id438,2020-12-01 00:00:00.438
id439,2020-12-01 00:00:00.439
id440,2020-12-01 00:00:00.440
id441,2020-12-01 00:00:00.441
id442,2020-12-01 00:00:00.442
id443,2020-12-01 00:00:00.443
id444,2020-12-01 00:00:00.444
id445,2020-12-01 00:00:00.445
id446,2020-12-01 00:00:00.446
id447,2020-12-01 00:00:00.447
id448,2020-12-01 00:00:00.448
id449,2020-12-01 00:00:00.449
id450,2020-12-01 00:00:00.450
id451,2020-12-01 00:00:00.451
id452,2020-12-01 00:00:00.452
id453,2020-12-01 00:00:00.453
id454,2020-12-01 00:00:00.454
id455,2020-12-01 00:00:00.455
id456,2020-12-01 00:00:00.456
id457,2020-12-01 00:00:00.457
id458,2020-12-01 00:00:00.458
id459,2020-12-01 00:00:00.459
id460,2020-12-01 00:00:00.460
id461,2020-12-01 00:00:00.461
id462,2020-12-01 00:00:00.462
id463,2020-12-01 00:00:00.463
id464,2020-12-01 00:00:00.464
id465,2020-12-01 00:00:00.465
id466,2020-12-01 00:00:00.466
id467,2020-12-01 00:00:00.467
id468,2020-12-01 00:00:00.468
id469,2020-12-01 00:00:00.469
id470,2020-12-01 00:00:00.470
id471,2020-12-01 00:00:00.471
id472,2020-12-01 00:00:00.472
id473,2020-12-01 00:00:00.473
id474,2020-12-01 00:00:00.474
id475,2020-12-01 00:00:00.475
id476,2020-12-01 00:00:00.476
id477,2020-12-01 00:00:00.477
id478,2020-12-01 00:00:00.478
id479,2020-12-01 00:00:00.479
id480,2020-12-01 00:00:00.480
id481,2020-12-01 00:00:00.481
id482,2020-12-01 00:00:00.482
id483,2020-12-01 00:00:00.483
id484,2020-12-01 00:00:00.484
id485,2020-12-01 00:00:00.485
id486,2020-12-01 00:00:00.486
id487,2020-12-01 00:00:00.487
id488,2020-12-01 00:00:00.488
id489,2020-12-01 00:00:00.489
id490,2020-12-01 00:00:00.490
id491,2020-12-01 00:00:00.491
id492,2020-12-01 00:00:00.492
id493,2020-12-01 00:00:00.493
id494,2020-12-01 00:00:00.494
id495,2020-12-01 00:00:00.495
id496,2020-12-01 00:00:00.496
id497,2020-12-01 00:00:00.497
id498,2020-12-01 00:00:00.498
id499,2020-12-01 00:00:00.499
id500,2020-12-01 00:00:00.500
id501,2020-12-01 00:00:00.501
id502,2020-12-01 00:00:00.502
id503,2020-12-01 00:00:00.503
id504,2020-12-01 00:00:00.504
id505,2020-12-01 00:00:00.505
id506,2020-12-01 00:00:00.506
id507,2020-12-01 00:00:00.507
id508,2020-12-01 00:00:00.508
id509,2020-12-01 00:00:00.509
id510,2020-12-01 00:00:00.510
id511,2020-12-01 00:00:00.511
id512,2020-12-01 00:00:00.512
id513,2020-12-01 00:00:00.513
id514,2020-12-01 00:00:00.514
id515,2020-12-01 00:00:00.515
id516,2020-12-01 00:00:00.516
id517,2020-12-01 00:00:00.517
id518,2020-12-01 00:00:00.518
id519,2020-12-01 00:00:00.519
id520,2020-12-01 00:00:00.520
id521,2020-12-01 00:00:00.521
id522,2020-12-01 00:00:00.522
id523,2020-12-01 00:00:00.523
id524,2020-12-01 00:00:00.524
id525,2020-12-01 00:00:00.525
id526,2020-12-01 00:00:00.526
id527,2020-12-01 00:00:00.527
id528,2020-12-01 00:00:00.528
id529,2020-12-01 00:00:00.529
id530,2020-12-01 00:00:00.530
id531,2020-12-01 00:00:00.531
id532,2020-12-01 00:00:00.532
id533,2020-12-01 00:00:00.533
id534,2020-12-01 00:00:00.534
id535,2020-12-01 00:00:00.535
id536,2020-12-01 00:00:00.536
id537,2020-12-01 00:00:00.537
id538,2020-12-01 00:00:00.538
id539,2020-12-01 00:00:00.539
id540,2020-12-01 00:00:00.540
id541,2020-12-01 00:00:00.541
id542,2020-12-01 00:00:00.542
id543,2020-12-01 00:00:00.543
id544,2020-12-01 00:00:00.544
id545,2020-12-01 00:00:00.545
id546,2020-12-01 00:00:00.546
id547,2020-12-01 00:00:00.547
id548,2020-12-01 00:00:00.548
id549,2020-12-01 00:00:00.549
id550,2020-12-01 00:00:00.550
id551,2020-12-01 00:00:00.551
id552,2020-12-01 00:00:00.552
id553,2020-12-01 00:00:00.553
id554,2020-12-01 00:00:00.554
id555,2020-12-01 00:00:00.555
id556,2020-12-01 00:00:00.556
id557,2020-12-01 00:00:00.557
id558,2020-12-01 00:00:00.558
id559,2020-12-01 00:00:00.559
id560,2020-12-01 00:00:00.560
id561,2020-12-01 00:00:00.561
id562,2020-12-01 00:00:00.562
id563,2020-12-01 00:00:00.563
id564,2020-12-01 00:00:00.564
id565,2020-12-01 00:00:00.565
id566,2020-12-01 00:00:00.566
id567,2020-12-01 00:00:00.567
id568,2020-12-01 00:00:00.568
id569,2020-12-01 00:00:00.569
id570,2020-12-01 00:00:00.570
id571,2020-12-01 00:00:00.571
id572,2020-12-01 00:00:00.572
id573,2020-12-01 00:00:00.573
id574,2020-12-01 00:00:00.574
id575,2020-12-01 00:00:00.575
id576,2020-12-01 00:00:00.576
id577,2020-12-01 00:00:00.577
id578,2020-12-01 00:00:00.578
id579,2020-12-01 00:00:00.579
id580,2020-12-01 00:00:00.580
id581,2020-12-01 00:00:00.581
id582,2020-12-01 00:00:00.582
id583,2020-12-01 00:00:00.583
id584,2020-12-01 00:00:00.584
id585,2020-12-01 00:00:00.585
id586,2020-12-01 00:00:00.586
id587,2020-12-01 00:00:00.587
id588,2020-12-01 00:00:00.588
id589,2020-12-01 00:00:00.589
id590,2020-12-01 00:00:00.590
id591,2020-12-01 00:00:00.591
id592,2020-12-01 00:00:00.592
id593,2020-12-01 00:00:00.593
id594,2020-12-01 00:00:00.594
id595,2020-12-01 00:00:00.595
id596,2020-12-01 00:00:00.596
id597,2020-12-01 00:00:00.597
id598,2020-12-01 00:00:00.598
id599,2020-12-01 00:00:00.599
id600,2020-12-01 00:00:00.600
id601,2020-12-01 00:00:00.601
id602,2020-12-01 00:00:00.602
id603,2020-12-01 00:00:00.603
id604,2020-12-01 00:00:00.604
id605,2020-12-01 00:00:00.605
id606,2020-12-01 00:00:00.606
id607,2020-12-01 00:00:00.607
id608,2020-12-01 00:00:00.608
id609,2020-12-01 00:00:00.609
id610,2020-12-01 00:00:00.610
id611,2020-12-01 00:00:00.611
id612,2020-12-01 00:00:00.612
id613,2020-12-01 00:00:00.613
id614,2020-12-01 00:00:00.614
id615,2020-12-01 00:00:00.615
id616,2020-12-01 00:00:00.616
id617,2020-12-01 00:00:00.617
id618,2020-12-01 00:00:00.618
id619,2020-12-01 00:00:00.619
id620,2020-12-01 00:00:00.620
id621,2020-12-01 00:00:00.621
id622,2020-12-01 00:00:00.622
id623,2020-12-01 00:00:00.623
id624,2020-12-01 00:00:00.624
id625,2020-12-01 00:00:00.625
id626,2020-12-01 00:00:00.626
id627,2020-12-01 00:00:00.627
id628,2020-12-01 00:00:00.628
id629,2020-12-01 00:00:00.629
id630,2020-12-01 00:00:00.630
id631,2020-12-01 00:00:00.631
id632,2020-12-01 00:00:00.632
id633,2020-12-01 00:00:00.633
id634,2020-12-01 00:00:00.634
id635,2020-12-01 00:00:00.635
id636,2020-12-01 00:00:00.636
id637,2020-12-01 00:00:00.637
id638,2020-12-01 00:00:00.638
id639,2020-12-01 00:00:00.639
id640,2020-12-01 00:00:00.640
id641,2020-12-01 00:00:00.641
id642,2020-12-01 00:00:00.642
id643,2020-12-01 00:00:00.643
id644,2020-12-01 00:00:00.644
id645,2020-12-01 00:00:00.645
id646,2020-12-01 00:00:00.646
id647,2020-12-01 00:00:00.647
id648,2020-12-01 00:00:00.648
id649,2020-12-01 00:00:00.649
id650,2020-12-01 00:00:00.650
id651,2020-12-01 00:00:00.651
id652,2020-12-01 00:00:00.652
id653,2020-12-01 00:00:00.653
id654,2020-12-01 00:00:00.654
id655,2020-12-01 00:00:00.655
id656,2020-12-01 00:00:00.656
id657,2020-12-01 00:00:00.657
id658,2020-12-01 00:00:00.658
id659,2020-12-01 00:00:00.659
id660,2020-12-01 00:00:00.660
id661,2020-12-01 00:00:00.661
id662,2020-12-01 00:00:00.662
id663,2020-12-01 00:00:00.663
id664,2020-12-01 00:00:00.664
id665,2020-12-01 00:00:00.665
id666,2020-12-01 00:00:00.666
id667,2020-12-01 00:00:00.667
id668,2020-12-01 00:00:00.668
id669,2020-12-01 00:00:00.669
id670,2020-12-01 00:00:00.670
id671,2020-12-01 00:00:00.671
id672,2020-12-01 00:00:00.672
id673,2020-12-01 00:00:00.673
id674,2020-12-01 00:00:00.674
id675,2020-12-01 00:00:00.675
id676,2020-12-01 00:00:00.676
id677,2020-12-01 00:00:00.677
id678,2020-12-01 00:00:00.678
id679,2020-12-01 00:00:00.679
id680,2020-12-01 00:00:00.680
id681,2020-12-01 00:00:00.681
id682,2020-12-01 00:00:00.682
id683,2020-12-01 00:00:00.683
id684,2020-12-01 00:00:00.684
id685,2020-12-01 00:00:00.685
id686,2020-12-01 00:00:00.686
id687,2020-12-01 00:00:00.687
id688,2020-12-01 00:00:00.688
id689,2020-12-01 00:00:00.689
id690,2020-12-01 00:00:00.690
id691,2020-12-01 00:00:00.691
id692,2020-12-01 00:00:00.692
id693,2020-12-01 00:00:00.693
id694,2020-12-01 00:00:00.694
id695,2020-12-01 00:00:00.695
id696,2020-12-01 00:00:00.696
id697,2020-12-01 00:00:00.697
id698,2020-12-01 00:00:00.698
id699,2020-12-01 00:00:00.699
id700,2020-12-01 00:00:00.700
id701,2020-12-01 00:00:00.701
id702,2020-12-01 00:00:00.702
id703,2020-12-01 00:00:00.703
id704,2020-12-01 00:00:00.704
id705,2020-12-01 00:00:00.705
id706,2020-12-01 00:00:00.706
id707,2020-12-01 00:00:00.707
id708,2020-12-01 00:00:00.708
id709,2020-12-01 00:00:00.709
id710,2020-12-01 00:00:00.710
id711,2020-12-01 00:00:00.711
id712,2020-12-01 00:00:00.712
id713,2020-12-01 00:00:00.713
id714,2020-12-01 00:00:00.714
id715,2020-12-01 00:00:00.715
id716,2020-12-01 00:00:00.716
id717,2020-12-01 00:00:00.717
id718,2020-12-01 00:00:00.718
id719,2020-12-01 00:00:00.719
id720,2020-12-01 00:00:00.720
id721,2020-12-01 00:00:00.721
id722,2020-12-01 00:00:00.722
id723,2020-12-01 00:00:00.723
id724,2020-12-01 00:00:00.724
id725,2020-12-01 00:00:00.725
id726,2020-12-01 00:00:00.726
id727,2020-12-01 00:00:00.727
id728,2020-12-01 00:00:00.728
id729,2020-12-01 00:00:00.729
id730,2020-12-01 00:00:00.730
id731,2020-12-01 00:00:00.731
id732,2020-12-01 00:00:00.732
id733,2020-12-01 00:00:00.733
id734,2020-12-01 00:00:00.734
id735,2020-12-01 00:00:00.735
id736,2020-12-01 00:00:00.736
id737,2020-12-01 00:00:00.737
id738,2020-12-01 00:00:00.738
id739,2020-12-01 00:00:00.739
id740,2020-12-01 00:00:00.740
id741,2020-12-01 00:00:00.741
id742,2020-12-01 00:00:00.742
id743,2020-12-01 00:00:00.743
id744,2020-12-01 00:00:00.744
id745,2020-12-01 00:00:00.745
id746,2020-12-01 00:00:00.746
id747,2020-12-01 00:00:00.747
id748,2020-12-01 00:00:00.748
id749,2020-12-01 00:00:00.749
id750,2020-12-01 00:00:00.750
id751,2020-12-01 00:00:00.751
id752,2020-12-01 00:00:00.752
id753,2020-12-01 00:00:00.753
id754,2020-12-01 00:00:00.754
id755,2020-12-01 00:00:00.755
id756,2020-12-01 00:00:00.756
id757,2020-12-01 00:00:00.757
id758,2020-12-01 00:00:00.758
id759,2020-12-01 00:00:00.759
id760,2020-12-01 00:00:00.760
id761,2020-12-01 00:00:00.761
id762,2020-12-01 00:00:00.762
id763,2020-12-01 00:00:00.763
id764,2020-12-01 00:00:00.764
id765,2020-12-01 00:00:00.765
id766,2020-12-01 00:00:00.766
id767,2020-12-01 00:00:00.767
id768,2020-12-01 00:00:00.768
id769,2020-12-01 00:00:00.769
id770,2020-12-01 00:00:00.770
id771,2020-12-01 00:00:00.771
id772,2020-12-01 00:00:00.772
id773,2020-12-01 00:00:00.773
id774,2020-12-01 00:00:00.774
id775,2020-12-01 00:00:00.775
id776,2020-12-01 00:00:00.776
id777,2020-12-01 00:00:00.777
id778,2020-12-01 00:00:00.778
id779,2020-12-01 00:00:00.779
id780,2020-12-01 00:00:00.780
id781,2020-12-01 00:00:00.781
id782,2020-12-01 00:00:00.782
id783,2020-12-01 00:00:00.783
id784,2020-12-01 00:00:00.784
id785,2020-12-01 00:00:00.785
id786,2020-12-01 00:00:00.786
id787,2020-12-01 00:00:00.787
id788,2020-12-01 00:00:00.788
id789,2020-12-01 00:00:00.789
id790,2020-12-01 00:00:00.790
id791,2020-12-01 00:00:00.791
id792,2020-12-01 00:00:00.792
id793,2020-12-01 00:00:00.793
id794,2020-12-01 00:00:00.794
id795,2020-12-01 00:00:00.795
id796,2020-12-01 00:00:00.796
id797,2020-12-01 00:00:00.797
id798,2020-12-01 00:00:00.798
id799,2020-12-01 00:00:00.799
id800,2020-12-01 00:00:00.800
id801,2020-12-01 00:00:00.801
id802,2020-12-01 00:00:00.802
id803,2020-12-01 00:00:00.803
id804,2020-12-01 00:00:00.804
id805,2020-12-01 00:00:00.805
id806,2020-12-01 00:00:00.806
id807,2020-12-01 00:00:00.807
id808,2020-12-01 00:00:00.808
id809,2020-12-01 00:00:00.809
id810,2020-12-01 00:00:00.810
id811,2020-12-01 00:00:00.811
id812,2020-12-01 00:00:00.812
id813,2020-12-01 00:00:00.813
id814,2020-12-01 00:00:00.814
id815,2020-12-01 00:00:00.815
id816,2020-12-01 00:00:00.816
id817,2020-12-01 00:00:00.817
id818,2020-12-01 00:00:00.818
id819,2020-12-01 00:00:00.819
id820,2020-12-01 00:00:00.820
id821,2020-12-01 00:00:00.821
id822,2020-12-01 00:00:00.822
id823,2020-12-01 00:00:00.823
id824,2020-12-01 00:00:00.824
id825,2020-12-01 00:00:00.825
id826,2020-12-01 00:00:00.826
id827,2020-12-01 00:00:00.827
id828,2020-12-01 00:00:00.828
id829,2020-12-01 00:00:00.829
id830,2020-12-01 00:00:00.830
id831,2020-12-01 00:00:00.831
id832,2020-12-01 00:00:00.832
id833,2020-12-01 00:00:00.833
id834,2020-12-01 00:00:00.834
id835,2020-12-01 00:00:00.835
id836,2020-12-01 00:00:00.836
id837,2020-12-01 00:00:00.837
id838,2020-12-01 00:00:00.838
id839,2020-12-01 00:00:00.839
id840,2020-12-01 00:00:00.840
id841,2020-12-01 00:00:00.841
id842,2020-12-01 00:00:00.842
id843,2020-12-01 00:00:00.843
id844,2020-12-01 00:00:00.844
id845,2020-12-01 00:00:00.845
id846,2020-12-01 00:00:00.846
id847,2020-12-01 00:00:00.847
id848,2020-12-01 00:00:00.848
id849,2020-12-01 00:00:00.849
id850,2020-12-01 00:00:00.850
id851,2020-12-01 00:00:00.851
id852,2020-12-01 00:00:00.852
id853,2020-12-01 00:00:00.853
id854,2020-12-01 00:00:00.854
id855,2020-12-01 00:00:00.855
id856,2020-12-01 00:00:00.856
id857,2020-12-01 00:00:00.857
id858,2020-12-01 00:00:00.858
id859,2020-12-01 00:00:00.859
id860,2020-12-01 00:00:00.860
id861,2020-12-01 00:00:00.861
id862,2020-12-01 00:00:00.862
id863,2020-12-01 00:00:00.863
id864,2020-12-01 00:00:00.864
id865,2020-12-01 00:00:00.865
id866,2020-12-01 00:00:00.866
id867,2020-12-01 00:00:00.867
id868,2020-12-01 00:00:00.868
id869,2020-12-01 00:00:00.869
id870,2020-12-01 00:00:00.870
id871,2020-12-01 00:00:00.871
id872,2020-12-01 00:00:00.872
id873,2020-12-01 00:00:00.873
id874,2020-12-01 00:00:00.874
id875,2020-12-01 00:00:00.875
id876,2020-12-01 00:00:00.876
id877,2020-12-01 00:00:00.877
id878,2020-12-01 00:00:00.878
id879,2020-12-01 00:00:00.879
id880,2020-12-01 00:00:00.880
id881,2020-12-01 00:00:00.881
id882,2020-12-01 00:00:00.882
id883,2020-12-01 00:00:00.883
id884,2020-12-01 00:00:00.884
id885,2020-12-01 00:00:00.885
id886,2020-12-01 00:00:00.886
id887,2020-12-01 00:00:00.887
id888,2020-12-01 00:00:00.888
id889,2020-12-01 00:00:00.889
id890,2020-12-01 00:00:00.890
id891,2020-12-01 00:00:00.891
id892,2020-12-01 00:00:00.892
id893,2020-12-01 00:00:00.893
id894,2020-12-01 00:00:00.894
id895,2020-12-01 00:00:00.895
id896,2020-12-01 00:00:00.896
id897,2020-12-01 00:00:00.897
id898,2020-12-01 00:00:00.898
id899,2020-12-01 00:00:00.899
id900,2020-12-01 00:00:00.900
id901,2020-12-01 00:00:00.901
id902,2020-12-01 00:00:00.902
id903,2020-12-01 00:00:00.903
id904,2020-12-01 00:00:00.904
id905,2020-12-01 00:00:00.905
id906,2020-12-01 00:00:00.906
id907,2020-12-01 00:00:00.907
id908,2020-12-01 00:00:00.908
id909,2020-12-01 00:00:00.909
id910,2020-12-01 00:00:00.910
id911,2020-12-01 00:00:00.911
id912,2020-12-01 00:00:00.912
id913,2020-12-01 00:00:00.913
id914,2020-12-01 00:00:00.914
id915,2020-12-01 00:00:00.915
id916,2020-12-01 00:00:00.916
id917,2020-12-01 00:00:00.917
id918,2020-12-01 00:00:00.918
id919,2020-12-01 00:00:00.919
id920,2020-12-01 00:00:00.920
id921,2020-12-01 00:00:00.921
id922,2020-12-01 00:00:00.922
id923,2020-12-01 00:00:00.923
id924,2020-12-01 00:00:00.924
id925,2020-12-01 00:00:00.925
id926,2020-12-01 00:00:00.926
id927,2020-12-01 00:00:00.927
id928,2020-12-01 00:00:00.928
id929,2020-12-01 00:00:00.929
id930,2020-12-01 00:00:00.930
id931,2020-12-01 00:00:00.931
id932,2020-12-01 00:00:00.932
id933,2020-12-01 00:00:00.933
id934,2020-12-01 00:00:00.934
id935,2020-12-01 00:00:00.935
id936,2020-12-01 00:00:00.936
id937,2020-12-01 00:00:00.937
id938,2020-12-01 00:00:00.938
id939,2020-12-01 00:00:00.939
id940,2020-12-01 00:00:00.940
id941,2020-12-01 00:00:00.941
id942,2020-12-01 00:00:00.942
id943,2020-12-01 00:00:00.943
id944,2020-12-01 00:00:00.944
id945,2020-12-01 00:00:00.945
id946,2020-12-01 00:00:00.946
id947,2020-12-01 00:00:00.947
id948,2020-12-01 00:00:00.948
id949,2020-12-01 00:00:00.949
id950,2020-12-01 00:00:00.950
id951,2020-12-01 00:00:00.951
id952,2020-12-01 00:00:00.952
id953,2020-12-01 00:00:00.953
id954,2020-12-01 00:00:00.954
id955,2020-12-01 00:00:00.955
id956,2020-12-01 00:00:00.956
id957,2020-12-01 00:00:00.957
id958,2020-12-01 00:00:00.958
id959,2020-12-01 00:00:00.959
id960,2020-12-01 00:00:00.960
id961,2020-12-01 00:00:00.961
id962,2020-12-01 00:00:00.962
id963,2020-12-01 00:00:00.963
id964,2020-12-01 00:00:00.964
id965,2020-12-01 00:00:00.965
id966,2020-12-01 00:00:00.966
id967,2020-12-01 00:00:00.967
id968,2020-12-01 00:00:00.968
id969,2020-12-01 00:00:00.969
id970,2020-12-01 00:00:00.970
id971,2020-12-01 00:00:00.971
id972,2020-12-01 00:00:00.972
id973,2020-12-01 00:00:00.973
id974,2020-12-01 00:00:00.974
id975,2020-12-01 00:00:00.975
id976,2020-12-01 00:00:00.976
id977,2020-12-01 00:00:00.977
id978,2020-12-01 00:00:00.978
id979,2020-12-01 00:00:00.979
id980,2020-12-01 00:00:00.980
id981,2020-12-01 00:00:00.981
id982,2020-12-01 00:00:00.982
id983,2020-12-01 00:00:00.983
id984,2020-12-01 00:00:00.984
id985,2020-12-01 00:00:00.985
id986,2020-12-01 00:00:00.986
id987,2020-12-01 00:00:00.987
id988,2020-12-01 00:00:00.988
id989,2020-12-01 00:00:00.989
id990,2020-12-01 00:00:00.990
id991,2020-12-01 00:00:00.991
id992,2020-12-01 00:00:00.992
id993,2020-12-01 00:00:00.993
id994,2020-12-01 00:00:00.994
id995,2020-12-01 00:00:00.995
id996,2020-12-01 00:00:00.996
id997,2020-12-01 00:00:00.997
id998,2020-12-01 00:00:00.998
id999,2020-12-01 00:00:00.999
id1000,2020-12-01 00:00:01.000